strain,gene,tech_rep,design,rep1,rep2,rep3,rep4,rep5,rep6,rep7,rep8,rep9
sfg1,sfg1,tech_rep1,wt,14.42,14.13,14.32,15.14,14.74,14.31,16.2,14.79,14.93
sfg1,sfg1,tech_rep2,wt,14.83,14.3,14.49,15.83,14.93,14.93,16.23,15.24,14.69
sfg1,sfg1,tech_rep3,wt,15.17,14.7,14.32,15.78,15.05,15.02,16.11,15.44,14.39
sfg1,tub2,tech_rep1,wt,13.21,13.05,12.37,12.94,12.69,13.04,14.41,13.35,12.71
sfg1,tub2,tech_rep2,wt,13.25,12.37,12.46,13.44,13.2,12.44,14.57,12.51,12.84
sfg1,tub2,tech_rep3,wt,13.08,12.56,12.8,13.51,12.73,12.33,14.57,12.82,12.19
sfg1,act1,tech_rep1,wt,11.52,11.11,11.18,11.05,10.94,10.43,12.42,10.88,11.11
sfg1,act1,tech_rep2,wt,11.25,10.93,10.3,11.64,11.09,10.88,12.31,11.07,11.25
sfg1,act1,tech_rep3,wt,11.15,10.49,9.96,11.25,10.53,10.41,12.39,10.82,11
sfg1,sfg1,tech_rep1,motif2,15.19,14.72,15.52,15.84,15.15,16.31,13.96,15.55,15.29
sfg1,sfg1,tech_rep2,motif2,16,14.71,14.98,16.22,15.22,16.78,14.58,15.77,15.42
sfg1,sfg1,tech_rep3,motif2,15.62,15.09,15.12,16.12,15.41,16.78,14.57,15.88,15.06
sfg1,tub2,tech_rep1,motif2,13.6,13.31,13.7,13.89,13.4,14.54,13.26,13.3,13.64
sfg1,tub2,tech_rep2,motif2,13.63,14.08,13.12,14.19,13.29,14.39,13.04,13.48,13.9
sfg1,tub2,tech_rep3,motif2,13.3,13.17,13.45,14.03,13.11,14.66,12.97,13.14,12.65
sfg1,act1,tech_rep1,motif2,11.75,11.44,11.15,11.62,10.94,12.32,11.15,11.19,10.77
sfg1,act1,tech_rep2,motif2,11.38,11.02,11.25,11.27,10.76,12.3,11.17,11.37,10.76
sfg1,act1,tech_rep3,motif2,10.85,10.51,10.82,11.85,10.9,11.91,10.93,11.32,11.02
sfg1,sfg1,tech_rep1,scram_motif2,15,15.08,15.17,16.37,16.48,15.79,15.42,14.49,14.29
sfg1,sfg1,tech_rep2,scram_motif2,15.09,14.59,15.17,16.44,16.47,16.52,15.15,15.53,13.55
sfg1,sfg1,tech_rep3,scram_motif2,15.31,14.67,14.91,16.28,16.34,16.15,15.27,15.72,13.29
sfg1,tub2,tech_rep1,scram_motif2,14,13.33,13.42,14.43,14.6,14.93,13.38,13.33,12.36
sfg1,tub2,tech_rep2,scram_motif2,13.64,13.46,13.61,15.09,14.83,14.53,13.36,13.13,12.17
sfg1,tub2,tech_rep3,scram_motif2,14.2,13.6,13.7,15.07,14.83,14.19,13.3,13.16,12.02
sfg1,act1,tech_rep1,scram_motif2,11.95,11.63,12.01,12.49,12.23,11.75,11.61,11.18,10.55
sfg1,act1,tech_rep2,scram_motif2,11.79,11.97,11.38,12.6,12.13,11.77,11.66,10.82,10.45
sfg1,act1,tech_rep3,scram_motif2,11.65,10.8,11.4,12.29,12.24,12.26,11.7,11.13,10.22
YLR093C,YLR093C,tech_rep1,wt,16.56,15.95,16.43,16.65,16.54,16.69,16.87,16.95,17.1
YLR093C,YLR093C,tech_rep2,wt,17.02,16.35,16.38,16.8,16.4,16.98,17.1,16.85,17.16
YLR093C,YLR093C,tech_rep3,wt,16.72,15.9,16.14,16.56,16.41,16.84,17.02,17.12,17.1
YLR093C,tub2,tech_rep1,wt,14,13.21,14.19,13.9,14.02,14.49,14.76,14.99,14.64
YLR093C,tub2,tech_rep2,wt,14.06,13.28,14.35,14.41,13.95,14.15,14.82,14.74,15.02
YLR093C,tub2,tech_rep3,wt,13.78,13.67,14.48,14.33,13.62,14.04,14.72,14.91,15.04
YLR093C,act1,tech_rep1,wt,12.2,12.01,12.7,12.09,12.38,12.37,12.76,12.93,13.21
YLR093C,act1,tech_rep2,wt,12.42,11.94,12.37,12.01,12.37,12.38,12.71,12.86,13.04
YLR093C,act1,tech_rep3,wt,12.19,11.46,12.7,11.88,12.33,12.24,12.69,12.78,12.73
YLR093C,YLR093C,tech_rep1,motif2,16.1,17.8,16.4,17.78,16.52,16.84,17.71,15.34,16.47
YLR093C,YLR093C,tech_rep2,motif2,16.14,17.67,16.87,18.12,16.38,17.06,18.04,15.71,16.5
YLR093C,YLR093C,tech_rep3,motif2,16.28,17.76,16.38,18.22,16.25,17.16,18.06,15.91,16.45
YLR093C,tub2,tech_rep1,motif2,12.76,14.03,13.56,14.4,13.14,13.8,14.14,13.03,13.38
YLR093C,tub2,tech_rep2,motif2,13.72,14.27,13.45,14.41,13.2,13.97,14.09,12.72,13.36
YLR093C,tub2,tech_rep3,motif2,13.01,14.01,13.72,14.41,12.98,13.6,13.37,12.98,13.84
YLR093C,act1,tech_rep1,motif2,11.53,12.08,11.62,12.46,11.54,11.43,12.23,11.13,12.03
YLR093C,act1,tech_rep2,motif2,11.44,12.02,11.64,12.48,11.43,11.56,12.26,11.12,11.71
YLR093C,act1,tech_rep3,motif2,11.05,11.63,11.49,12.24,11.52,11.4,12.03,11.21,11.4
YLR093C,YLR093C,tech_rep1,scram_motif2,17,16.19,17.42,15.65,16.25,14.54,15.22,15.97,15.05
YLR093C,YLR093C,tech_rep2,scram_motif2,17.22,16.42,17.35,16.12,16.29,14.9,15.64,16.09,15.07
YLR093C,YLR093C,tech_rep3,scram_motif2,17.03,16.62,16.95,15.8,15.88,14.46,15.79,16.23,14.63
YLR093C,tub2,tech_rep1,scram_motif2,14.15,13.87,15.24,13.29,14.04,13.1,13.27,13.97,13.12
YLR093C,tub2,tech_rep2,scram_motif2,14.73,14.04,15.01,13.21,13.99,13.16,13.49,13.92,13.18
YLR093C,tub2,tech_rep3,scram_motif2,14.38,14.25,14.95,13.17,13.34,12.55,12.61,13.41,13.04
YLR093C,act1,tech_rep1,scram_motif2,12.62,11.95,12.41,11.01,12.51,11,11.61,11.52,11.52
YLR093C,act1,tech_rep2,scram_motif2,12.28,11.85,12.38,10.85,12.17,10.27,11.36,11.76,11.2
YLR093C,act1,tech_rep3,scram_motif2,12.48,11.5,12.31,11.15,11.83,10.12,11.28,11.38,10.86
