"","Estimate","Std. Error","t value","Pr(>|t|)"
"(Intercept)",3.92448802531184,1.03586722339217,3.78860141211945,0.000154225743570142
"UTR3.length",-0.206799336508234,0.0227022809086777,-9.10918763361736,1.41029457669613e-19
"UTR5.length",-0.0762955530317592,0.0198091014329407,-3.85154032806792,0.000119627184607452
"CDS_length",-0.487990453702474,0.050327013794478,-9.69639199526712,6.14842238765964e-22
"TTC",-85.8634488470283,22.7005859444478,-3.78243315204069,0.000158082098351492
"TTA",2.92900833102997,4.64012827726161,0.63123434440018,0.527931427755761
"TTG",-82.2571444760697,22.5293751347224,-3.65110634379267,0.000265201519453463
"TCT",-94.0907282413995,21.9703763204533,-4.28261796106815,1.90021494824922e-05
"TCC",-194.955216692318,43.848076447272,-4.44615208894636,9.03294802628563e-06
"TCA",-101.593070605347,22.2510479924081,-4.56576565022959,5.16023243129381e-06
"TCG",-208.324317870028,43.9345608387703,-4.74169569224852,2.20992747955866e-06
"TAT",2.94240574054973,4.74827216547092,0.619679251317286,0.535512153137036
"TAC",-84.3668284881325,22.7231350546477,-3.71281639990413,0.000208384548383391
"TGT",-81.8200255778446,22.2338914070846,-3.67996875039937,0.000237025049314838
"TGC",-186.0020822293,43.4485530377707,-4.28097299506396,1.91423796037086e-05
"TGG",-171.54413360317,44.094478958152,-3.89037670149078,0.000102081922195698
"CTT",-80.8764530034366,22.2611591893429,-3.63307464429591,0.000284368019840977
"CTC",-187.062715125319,44.0931540315601,-4.24244350929007,2.27233714155687e-05
"CTA",-97.8605584756943,22.6036422802184,-4.3294154659905,1.53991414139396e-05
"CTG",-179.158223404335,44.4592964772122,-4.02971341429489,5.71167677862629e-05
"CCT",-185.728572227117,43.6646895745371,-4.25351866775719,2.16335003299439e-05
"CCC",-278.88534310845,65.7543141515791,-4.24132388432422,2.28364143308473e-05
"CCA",-189.949201878302,43.9909592847982,-4.31791452076704,1.62188059046714e-05
"CCG",-296.576120247119,65.7919844196962,-4.50778499634878,6.78060539304351e-06
"CAT",-98.9107879345741,22.4648601206106,-4.40291136483987,1.10227981771985e-05
"CAC",-183.581944381631,44.339883385616,-4.1403343979291,3.55561725252479e-05
"CAA",-82.1854991617605,22.1204683158193,-3.7153598191674,0.000206308269422248
"CAG",-190.627882168599,43.9355507874735,-4.33880715620729,1.47592603598001e-05
"CGT",-182.565786805388,43.5559608374072,-4.19152242988967,2.84427723601423e-05
"CGC",-271.571508594907,65.8139339810001,-4.1263527670798,3.7775333498281e-05
"CGA",-197.477413018196,43.9682699375402,-4.49136191391487,7.3216962773039e-06
"CGG",-328.451978572736,66.3967262525956,-4.94680983702711,7.92460501703275e-07
"ATT",10.8467132935642,4.11107908819769,2.63841027157652,0.00836906405171159
"ATC",-93.9703936458366,22.3426065667039,-4.20588320191235,2.67043750933673e-05
"ATA",-12.3019095545664,5.75751590958236,-2.13666965888744,0.0326988846934244
"ATG",-90.0015760947212,22.1134724313138,-4.06998839165912,4.81277933614527e-05
"ACT",-87.9755399107572,22.2434078089187,-3.95512866852544,7.81156575099572e-05
"ACC",-190.271879954,43.9884614092055,-4.32549522894159,1.56739914476803e-05
"ACA",-90.0612812652592,22.5769656657994,-3.98907818696327,6.77838564261984e-05
"ACG",-193.462797793437,44.2809861626469,-4.36898123909968,1.28706819707398e-05
"AAT",-4.5075720516895,4.15876732530595,-1.08387214265657,0.278501400733507
"AAC",-87.1331452359343,22.4081382942773,-3.88845981275414,0.000102887609162515
"AAA",8.71255464979173,3.70680873092379,2.35041926417942,0.0188113798513236
"AAG",-80.4243138126467,21.848120587654,-3.68106325164156,0.000236013977234119
"AGT",-86.9734186216018,22.666644993694,-3.83706625509854,0.000126865764297799
"AGC",-182.698381927092,44.2402117518898,-4.12969049406251,3.72339198522935e-05
"AGA",-87.9554488676343,22.5448079934984,-3.9013616302698,9.75785501983054e-05
"AGG",-195.085284260343,44.1844830339751,-4.41524424106839,1.04162051644966e-05
"GTT",-75.5413444532056,22.1554541613482,-3.40960487214895,0.000658449753431619
"GTC",-166.969641458476,43.7266802680098,-3.81848428545421,0.000136765130222206
"GTA",-74.8984495004404,22.5087651223746,-3.32752370435411,0.000885905891028931
"GTG",-179.143505081603,44.0880753699036,-4.06330971761797,4.95192275724767e-05
"GCT",-171.586230063258,43.6652177527354,-3.92958603882169,8.68527383718716e-05
"GCC",-277.463116572048,65.5575846798384,-4.2323572158292,2.37612468485271e-05
"GCA",-171.689884667915,43.9595797631082,-3.90563070878128,9.58795737358142e-05
"GCG",-264.213217786906,65.6356311938619,-4.02545405568698,5.81553732791669e-05
"GAT",-86.6145350945682,22.1537730570382,-3.90969677587498,9.42874050130582e-05
"GAC",-177.134688499814,43.8119519883493,-4.04306771236577,5.39732085042282e-05
"GAA",-81.0572113243024,22.0811618839362,-3.67087618624229,0.000245583112938039
"GAG",-160.692635240809,43.8556335731239,-3.66412755097641,0.000252121611985333
"GGT",-175.368369993401,43.8675599995816,-3.99767778274135,6.53800305080573e-05
"GGC",-273.349162578026,65.2037877191897,-4.19222827598984,2.83548707718225e-05
"GGA",-149.250357446961,43.8597611576686,-3.40289945744187,0.000674764060165215
"GGG",-262.097775069938,65.8850757235746,-3.97810539323939,7.09726689731145e-05
"stopPlus1TAAC",-0.124731274529083,0.0570533558024993,-2.18622152500308,0.0288700643756532
"stopPlus1TAAG",0.00633396279546221,0.043450823695058,0.145773135163434,0.884109469206599
"stopPlus1TAAT",-0.0674431811583873,0.0335804141237863,-2.00840826172583,0.0446820043084488
"stopPlus1TAGA",-0.0382519201675484,0.0505565458583342,-0.756616567016567,0.449334120143174
"stopPlus1TAGC",-0.178516239299595,0.0721440023573773,-2.47444324498779,0.0133947760131055
"stopPlus1TAGG",-0.164133643424389,0.0697777458530771,-2.35223481953668,0.0187199657542513
"stopPlus1TAGT",-0.105272022344824,0.0550557522453246,-1.91209851925625,0.055950853474534
"stopPlus1TGAA",-0.166229881486718,0.0525664533445636,-3.16228071156164,0.00157972022653323
"stopPlus1TGAC",-0.325920759767951,0.102376742808708,-3.18354296909932,0.00146850114888229
"stopPlus1TGAG",-0.140002399122879,0.0628645750455076,-2.22704757045652,0.0260119289429259
"stopPlus1TGAT",-0.137560438170968,0.0536814621260719,-2.56253150944185,0.0104356137052867
"num_uAUGTRUE",-0.0527993257979898,0.0268339084878973,-1.96763456288164,0.0491944909366931
"PositionM3C",0.0130494756984944,0.0421812570799431,0.30936668562918,0.757062319841003
"PositionM3G",-0.0166792359506024,0.0315217312157644,-0.529134514739499,0.59674805564287
"PositionM3T",-0.00951076486564379,0.0339515028118724,-0.280127949515036,0.779397061199946
"CAACCA",0.0932369773587057,0.0455502528914088,2.04690361612221,0.0407473215429135
"ACCAAC",0.163033819921448,0.0384985105539625,4.23480850494014,2.3504937163806e-05
"TATTTAT",-0.18168319411491,0.0229752614053443,-7.90777484136258,3.55335788528104e-15
"TTAATGA",-0.163587731370856,0.0299409717466435,-5.46367475161173,5.0129592363613e-08
"ACTAAT",-0.143525354403018,0.0288923603095123,-4.96758841664331,7.1268103623876e-07
"GC_content_UTR5",1.27969286730463,0.200805757643311,6.37278971640709,2.1163759408893e-10
"GC_content_UTR3",1.35674805500643,0.324881272551273,4.17613500572678,3.04246817349786e-05
"UTR5_deltaG",0.00102097127209036,0.000331601725988314,3.07890819641375,0.00209484866493739
"UTR3_deltaG",-0.000966555463202508,0.00023582721405435,-4.09857474286131,4.25804126584548e-05
"CDS_deltaG",-0.000655155801858842,9.51743212469662e-05,-6.88374546069826,6.95983918457067e-12
"GC_content_CDS",94.7309844078016,21.8056528885705,4.34433148559634,1.43948063834345e-05
